company_name,homepage
オオスズ技研株式会社,
ジェイティプラントサービス株式会社,
浜松鋼板加工株式会社,
株式会社ヤタロー,
株式会社ブティック・ビギ,
オークラアクトシティホテルマネジメント株式会社,
サゴーエンタプライズ株式会社,
引佐観光開発株式会社,
株式会社岡畑農園,
株式会社小森組,
株式会社サイバーリンクス,
中田食品株式会社,
大和歯車製作株式会社,
紀南段ボール株式会社,
株式会社アステムソリューション,
株式会社ヤマヨテクスタイル,
株式会社カナセ,
株式会社白浜館,
株式会社カンノ製作所,
株式会社まちだ,
株式会社直方建機,
株式会社平島,
谷弥石油株式会社,
社会福祉法人清浄会,
トヨテツ福岡株式会社,
株式会社KTネットワーク,
株式会社福設,
麻生介護サービス株式会社,
黒崎播磨株式会社,
日鉄物流株式会社,
株式会社ネットワークソリューション,
株式会社パロマ,
九州小島株式会社,
株式会社ドラッグストアモリ,
五楽信和工業株式会社,
日本ファインテック株式会社,
株式会社錦城,
株式会社森建設,
指宿食品株式会社,
社会福祉法人希望の風福祉会,
株式会社指宿白水館,
株式会社ホンダさつま,
薩摩ハム株式会社,
株式会社コーアガス日本,
株式会社新興エコ,
株式会社奈良,
株式会社大新,
株式会社指宿フェニックスホテル,
井上産業株式会社,
薩摩コンクリート株式会社,
薩南建材株式会社,
社会福祉法人あやの会,
社会福祉法人光陽福祉会,
社会福祉法人あすなろ福祉会,
社会福祉法人大川福祉会,
社会福祉法人休道福祉会,
社会福祉法人敬仁会,
社会福祉法人敬和会,
社会福祉法人更生会
