企業名,ホームページ,判明した担当者名,肩書き,出典URL,推奨トーク案
株式会社ヤタロー,"https://www.koyou.pref.shizuoka.jp/employment/detail/762#:~:text=%E6%A7%98%E3%80%85%E3%81%AA%E6%8C%91%E6%88%A6%E3%82%92%E9%87%8D%E3%81%AD,%E9%A3%9F%E5%93%81%E3%83%A1%E3%83%BC%E3%82%AB%E3%83%BC%E3%81%A8%E3%81%AA%E3%82%8A%E3%81%BE%E3%81%97%E3%81%9F%EF%BC%81",採用情報 新卒採用,採用,"https://www.koyou.pref.shizuoka.jp/employment/detail/762#:~:text=%E6%A7%98%E3%80%85%E3%81%AA%E6%8C%91%E6%88%A6%E3%82%92%E9%87%8D%E3%81%AD,%E9%A3%9F%E5%93%81%E3%83%A1%E3%83%BC%E3%82%AB%E3%83%BC%E3%81%A8%E3%81%AA%E3%82%8A%E3%81%BE%E3%81%97%E3%81%9F%EF%BC%81",株式会社ヤタロー様の採用情報を拝見し、採用の採用情報 新卒採用様にお力添えできる内容がありご連絡しました。
株式会社ヤタロー,"https://www.koyou.pref.shizuoka.jp/employment/detail/762#:~:text=%E6%A7%98%E3%80%85%E3%81%AA%E6%8C%91%E6%88%A6%E3%82%92%E9%87%8D%E3%81%AD,%E9%A3%9F%E5%93%81%E3%83%A1%E3%83%BC%E3%82%AB%E3%83%BC%E3%81%A8%E3%81%AA%E3%82%8A%E3%81%BE%E3%81%97%E3%81%9F%EF%BC%81",内容,採用,"https://www.koyou.pref.shizuoka.jp/employment/detail/762#:~:text=%E6%A7%98%E3%80%85%E3%81%AA%E6%8C%91%E6%88%A6%E3%82%92%E9%87%8D%E3%81%AD,%E9%A3%9F%E5%93%81%E3%83%A1%E3%83%BC%E3%82%AB%E3%83%BC%E3%81%A8%E3%81%AA%E3%82%8A%E3%81%BE%E3%81%97%E3%81%9F%EF%BC%81",株式会社ヤタロー様の採用情報を拝見し、採用の内容様にお力添えできる内容がありご連絡しました。
株式会社ヤタロー,"https://www.koyou.pref.shizuoka.jp/employment/detail/762#:~:text=%E6%A7%98%E3%80%85%E3%81%AA%E6%8C%91%E6%88%A6%E3%82%92%E9%87%8D%E3%81%AD,%E9%A3%9F%E5%93%81%E3%83%A1%E3%83%BC%E3%82%AB%E3%83%BC%E3%81%A8%E3%81%AA%E3%82%8A%E3%81%BE%E3%81%97%E3%81%9F%EF%BC%81",企業,採用,"https://www.koyou.pref.shizuoka.jp/employment/detail/762#:~:text=%E6%A7%98%E3%80%85%E3%81%AA%E6%8C%91%E6%88%A6%E3%82%92%E9%87%8D%E3%81%AD,%E9%A3%9F%E5%93%81%E3%83%A1%E3%83%BC%E3%82%AB%E3%83%BC%E3%81%A8%E3%81%AA%E3%82%8A%E3%81%BE%E3%81%97%E3%81%9F%EF%BC%81",株式会社ヤタロー様の採用情報を拝見し、採用の企業様にお力添えできる内容がありご連絡しました。
株式会社ヤタロー,"https://www.koyou.pref.shizuoka.jp/employment/detail/762#:~:text=%E6%A7%98%E3%80%85%E3%81%AA%E6%8C%91%E6%88%A6%E3%82%92%E9%87%8D%E3%81%AD,%E9%A3%9F%E5%93%81%E3%83%A1%E3%83%BC%E3%82%AB%E3%83%BC%E3%81%A8%E3%81%AA%E3%82%8A%E3%81%BE%E3%81%97%E3%81%9F%EF%BC%81",学生,採用,https://www.koyou.pref.shizuoka.jp/news/,株式会社ヤタロー様の採用情報を拝見し、採用の学生様にお力添えできる内容がありご連絡しました。
株式会社ヤタロー,"https://www.koyou.pref.shizuoka.jp/employment/detail/762#:~:text=%E6%A7%98%E3%80%85%E3%81%AA%E6%8C%91%E6%88%A6%E3%82%92%E9%87%8D%E3%81%AD,%E9%A3%9F%E5%93%81%E3%83%A1%E3%83%BC%E3%82%AB%E3%83%BC%E3%81%A8%E3%81%AA%E3%82%8A%E3%81%BE%E3%81%97%E3%81%9F%EF%BC%81",社会人向,採用,https://www.koyou.pref.shizuoka.jp/news/,株式会社ヤタロー様の採用情報を拝見し、採用の社会人向様にお力添えできる内容がありご連絡しました。
株式会社ヤタロー,"https://www.koyou.pref.shizuoka.jp/employment/detail/762#:~:text=%E6%A7%98%E3%80%85%E3%81%AA%E6%8C%91%E6%88%A6%E3%82%92%E9%87%8D%E3%81%AD,%E9%A3%9F%E5%93%81%E3%83%A1%E3%83%BC%E3%82%AB%E3%83%BC%E3%81%A8%E3%81%AA%E3%82%8A%E3%81%BE%E3%81%97%E3%81%9F%EF%BC%81",静岡県主催,採用,https://www.koyou.pref.shizuoka.jp/news/,株式会社ヤタロー様の採用情報を拝見し、採用の静岡県主催様にお力添えできる内容がありご連絡しました。
株式会社ヤタロー,"https://www.koyou.pref.shizuoka.jp/employment/detail/762#:~:text=%E6%A7%98%E3%80%85%E3%81%AA%E6%8C%91%E6%88%A6%E3%82%92%E9%87%8D%E3%81%AD,%E9%A3%9F%E5%93%81%E3%83%A1%E3%83%BC%E3%82%AB%E3%83%BC%E3%81%A8%E3%81%AA%E3%82%8A%E3%81%BE%E3%81%97%E3%81%9F%EF%BC%81",企業情報 登録制度,採用,https://www.koyou.pref.shizuoka.jp/company_tos/,株式会社ヤタロー様の採用情報を拝見し、採用の企業情報 登録制度様にお力添えできる内容がありご連絡しました。
株式会社ヤタロー,"https://www.koyou.pref.shizuoka.jp/employment/detail/762#:~:text=%E6%A7%98%E3%80%85%E3%81%AA%E6%8C%91%E6%88%A6%E3%82%92%E9%87%8D%E3%81%AD,%E9%A3%9F%E5%93%81%E3%83%A1%E3%83%BC%E3%82%AB%E3%83%BC%E3%81%A8%E3%81%AA%E3%82%8A%E3%81%BE%E3%81%97%E3%81%9F%EF%BC%81",以下,採用,https://www.koyou.pref.shizuoka.jp/company_tos/,株式会社ヤタロー様の採用情報を拝見し、採用の以下様にお力添えできる内容がありご連絡しました。
株式会社ヤタロー,"https://www.koyou.pref.shizuoka.jp/employment/detail/762#:~:text=%E6%A7%98%E3%80%85%E3%81%AA%E6%8C%91%E6%88%A6%E3%82%92%E9%87%8D%E3%81%AD,%E9%A3%9F%E5%93%81%E3%83%A1%E3%83%BC%E3%82%AB%E3%83%BC%E3%81%A8%E3%81%AA%E3%82%8A%E3%81%BE%E3%81%97%E3%81%9F%EF%BC%81",企業情報登録,採用,https://www.koyou.pref.shizuoka.jp/company_tos/,株式会社ヤタロー様の採用情報を拝見し、採用の企業情報登録様にお力添えできる内容がありご連絡しました。
